b,3083,0,u,g,w,v,125,t,t,1,f,g,202,0,positive
a,5867,446,u,g,q,h,304,t,t,6,f,g,43,560,positive
a,245,5,u,g,q,h,15,t,f,0,f,g,280,824,positive
b,2783,154,u,g,w,v,375,t,t,5,t,g,100,3,positive
b,2017,5625,u,g,w,v,171,t,f,0,f,s,120,0,positive
b,3208,4,u,g,m,v,25,t,f,0,t,g,360,0,positive
b,3317,104,u,g,r,h,65,t,f,0,t,g,164,31285,positive
a,2292,11585,u,g,cc,v,4,t,f,0,f,g,80,1349,positive
b,5442,5,y,p,k,h,396,t,f,0,f,g,180,314,positive
b,425,4915,y,p,w,v,3165,t,f,0,t,g,52,1442,positive
b,2208,83,u,g,c,h,2165,f,f,0,t,g,128,0,positive
b,2992,1835,u,g,c,h,4335,t,f,0,f,g,260,200,positive
a,3825,6,u,g,k,v,1,t,f,0,t,g,0,0,positive
b,4808,604,u,g,k,v,4,f,f,0,f,g,0,2690,positive
a,4583,105,u,g,q,v,5,t,t,7,t,g,0,0,positive
b,3667,4415,y,p,k,v,25,t,t,10,t,g,320,0,positive
b,2825,875,u,g,m,v,96,t,t,3,t,g,396,0,positive
a,2325,5875,u,g,q,v,317,t,t,10,f,g,120,245,positive
b,2183,25,u,g,d,h,665,t,f,0,t,g,0,0,positive
a,1917,8585,u,g,cc,h,75,t,t,7,f,g,96,0,positive
b,25,1125,u,g,c,v,25,t,t,17,f,g,200,1208,positive
b,2325,1,u,g,c,v,835,t,f,0,f,s,300,0,positive
a,4775,8,u,g,c,v,7875,t,t,6,t,g,0,1260,positive
a,2742,145,u,g,x,h,3085,t,t,1,f,g,120,11,positive
a,4117,65,u,g,q,v,5,t,t,3,t,g,145,0,positive
a,1583,585,u,g,c,h,15,t,t,2,f,g,100,0,positive
a,47,13,u,g,i,bb,5165,t,t,9,t,g,0,0,positive
b,5658,185,u,g,d,bb,15,t,t,17,t,g,0,0,positive
b,5742,85,u,g,e,h,7,t,t,3,f,g,0,0,positive
b,4208,104,u,g,w,v,5,t,t,6,t,g,500,10000,positive
b,2925,1479,u,g,aa,v,504,t,t,5,t,g,168,0,positive
b,42,979,u,g,x,h,796,t,t,8,f,g,0,0,positive
b,495,7585,u,g,i,bb,7585,t,t,15,t,g,0,5000,positive
a,3675,5125,u,g,e,v,5,t,f,0,t,g,0,4000,positive
a,2258,1075,u,g,q,v,415,t,t,5,t,g,0,560,positive
b,2783,15,u,g,w,v,2,t,t,11,t,g,434,35,positive
b,2725,1585,u,g,cc,h,1835,t,t,12,t,g,583,713,positive
a,23,1175,u,g,x,h,5,t,t,2,t,g,300,551,positive
b,2775,585,y,p,cc,v,25,t,t,2,f,g,260,500,positive
b,5458,9415,u,g,ff,ff,14415,t,t,11,t,g,30,300,positive
b,3417,917,u,g,c,v,45,t,t,12,t,g,0,221,positive
b,2892,15,u,g,c,h,5335,t,t,11,f,g,0,2283,positive
b,2967,1415,u,g,w,h,75,t,t,1,f,g,240,100,positive
b,3958,13915,u,g,w,v,8625,t,t,6,t,g,70,0,positive
b,5642,28,y,p,c,v,285,t,t,40,f,g,0,15,positive
b,5433,675,u,g,c,h,2625,t,t,11,t,g,0,284,positive
a,41,204,y,p,q,h,125,t,t,23,t,g,455,1236,positive
b,3192,446,u,g,cc,h,604,t,t,3,f,g,311,300,positive
b,415,154,u,g,i,bb,35,f,f,0,f,g,216,0,positive
b,2392,665,u,g,c,v,165,f,f,0,f,g,100,0,positive
a,2575,5,u,g,c,h,875,t,f,0,t,g,491,0,positive
b,26,1,u,g,q,v,175,t,f,0,t,g,280,0,positive
b,3742,204,u,g,w,v,4,t,f,0,t,g,400,5800,positive
b,3492,25,u,g,w,v,0,t,f,0,t,g,239,200,positive
b,3425,3,u,g,cc,h,7415,t,f,0,t,g,0,0,positive
b,2333,11625,y,p,w,v,835,t,f,0,t,g,160,300,positive
b,2317,0,u,g,cc,v,85,t,f,0,f,g,0,0,positive
b,4433,5,u,g,i,h,5,t,f,0,t,g,320,0,positive
b,3517,45,u,g,x,h,575,f,f,0,t,s,711,0,positive
b,4325,3,u,g,q,h,6,t,t,11,f,g,80,0,positive
b,5675,1225,u,g,m,v,125,t,t,4,t,g,200,0,positive
b,3167,16165,u,g,d,v,3,t,t,9,f,g,250,730,positive
a,2342,79,y,p,q,v,15,t,t,2,t,g,80,400,positive
a,2042,835,u,g,q,v,1585,t,t,1,f,g,0,0,positive
b,2667,425,u,g,cc,v,429,t,t,1,t,g,120,0,positive
b,3417,154,u,g,cc,v,154,t,t,1,t,g,520,50000,positive
a,36,1,u,g,c,v,2,t,t,11,f,g,0,456,positive
b,255,375,u,g,m,v,25,t,t,3,f,g,260,15108,positive
b,1942,65,u,g,w,h,146,t,t,7,f,g,80,2954,positive
b,3517,25125,u,g,x,h,1625,t,t,1,t,g,515,500,positive
b,3233,75,u,g,e,bb,1585,t,f,0,t,s,420,0,negative
b,3483,4,u,g,d,bb,125,t,f,0,t,g,?,0,negative
a,3858,5,u,g,cc,v,135,t,f,0,t,g,980,0,negative
b,4425,5,u,g,m,v,1075,t,f,0,f,s,400,0,negative
b,4483,7,y,p,c,v,1625,f,f,0,f,g,160,2,negative
b,2067,529,u,g,q,v,375,t,t,1,f,g,160,0,negative
b,3408,65,u,g,aa,v,125,t,f,0,t,g,443,0,negative
a,1917,585,y,p,aa,v,585,t,f,0,t,g,160,0,negative
b,2167,1165,y,p,k,v,25,t,t,1,f,g,180,20,negative
b,215,975,u,g,c,v,25,t,f,0,f,g,140,0,negative
b,4958,19,u,g,ff,ff,0,t,t,1,f,g,94,0,negative
a,2767,15,u,g,m,v,2,t,f,0,f,s,368,0,negative
b,3983,5,u,g,m,v,25,t,f,0,f,s,288,0,negative
a,?,35,u,g,d,v,3,t,f,0,t,g,300,0,negative
b,2725,625,u,g,aa,v,455,t,f,0,t,g,200,0,negative
b,3717,4,u,g,c,bb,5,t,f,0,t,s,280,0,negative
b,?,375,u,g,d,v,875,t,f,0,t,s,928,0,negative
b,2567,221,y,p,aa,v,4,t,f,0,f,g,188,0,negative
b,34,45,u,g,aa,v,1,t,f,0,t,g,240,0,negative
a,49,15,u,g,j,j,0,t,f,0,t,g,100,27,negative
b,625,1275,y,p,c,h,5,t,f,0,f,g,112,0,negative
b,3142,155,u,g,c,v,5,t,f,0,f,g,120,0,negative
b,?,5,y,p,aa,v,85,t,f,0,f,g,0,0,negative
b,5233,1375,y,p,c,h,946,t,f,0,t,g,200,100,negative
b,2875,15,y,p,c,v,15,t,f,0,t,g,0,225,negative
a,2858,354,u,g,i,bb,5,t,f,0,t,g,171,0,negative
b,23,625,y,p,aa,v,125,t,f,0,f,g,180,1,negative
b,?,5,u,g,c,bb,835,t,f,0,t,s,320,0,negative
a,225,11,y,p,q,v,3,t,f,0,t,g,268,0,negative
a,285,1,u,g,q,v,1,t,t,2,t,g,167,500,negative
b,375,175,y,p,c,bb,25,t,f,0,t,g,164,400,negative
b,3525,165,y,p,c,v,4,t,f,0,f,g,80,0,negative
b,1867,5,u,g,q,v,375,t,t,2,f,g,0,38,negative
b,25,12,u,g,k,v,225,t,t,2,t,g,120,5,negative
b,2783,4,y,p,i,h,575,t,t,2,t,g,75,0,negative
b,5483,155,u,g,e,z,0,t,t,20,f,g,152,130,negative
b,2875,1165,u,g,k,v,5,t,f,0,f,s,280,0,negative
a,25,11,y,p,aa,v,45,t,f,0,f,g,120,0,negative
b,4092,225,y,p,x,h,10,t,f,0,t,g,176,0,negative
a,1975,75,u,g,c,v,795,t,t,5,t,g,140,5,negative
b,2917,35,u,g,w,v,35,t,t,3,t,g,329,0,negative
a,245,104,y,p,ff,ff,5,t,t,3,f,g,180,147,negative
b,2458,125,u,g,w,v,875,t,f,0,t,g,260,0,negative
a,3375,75,u,g,k,bb,1,t,t,3,t,g,212,0,negative
b,2067,125,y,p,c,h,1375,t,t,3,t,g,140,210,negative
a,2542,1125,u,g,q,v,129,t,t,2,f,g,200,0,negative
b,3775,7,u,g,q,h,115,t,t,7,t,g,300,5,negative
b,525,65,u,g,k,v,629,t,t,15,f,g,0,11202,positive
b,5783,704,u,g,m,v,14,t,t,6,t,g,360,1332,positive
a,2075,10335,u,g,cc,h,335,t,t,1,t,g,80,50,positive
b,3992,621,u,g,q,v,4,t,t,1,f,g,200,300,positive
b,2567,125,u,g,cc,v,121,t,t,67,t,g,140,258,positive
a,2475,125,u,g,aa,v,15,t,t,12,t,g,120,567,positive
a,4417,6665,u,g,q,v,7375,t,t,3,t,g,0,0,positive
a,235,9,u,g,q,v,85,t,t,5,t,g,120,0,positive
b,3492,5,u,g,x,h,75,t,t,6,t,g,0,1000,positive
b,4767,25,u,g,m,bb,25,t,t,12,t,g,410,2510,positive
b,2275,11,u,g,q,v,25,t,t,7,t,g,100,809,positive
b,3442,425,u,g,i,bb,325,t,t,2,f,g,274,610,positive
a,2842,35,u,g,w,v,835,t,f,0,f,s,280,0,positive
b,6775,55,u,g,e,z,13,t,t,1,t,g,0,0,positive
b,2042,1835,u,g,c,v,225,t,t,1,f,g,100,150,positive
a,4742,8,u,g,e,bb,65,t,t,6,f,g,375,51100,positive
b,3625,5,u,g,c,bb,25,t,t,6,f,g,0,367,positive
b,3267,55,u,g,q,h,55,t,t,12,t,g,408,1000,positive
b,4858,65,u,g,q,h,6,t,f,0,t,g,350,0,positive
b,3992,54,y,p,aa,v,5,t,t,3,f,g,200,1000,positive
b,3358,275,u,g,m,v,425,t,t,6,f,g,204,0,positive
a,1883,95,u,g,w,v,1625,t,t,6,t,g,40,600,positive
a,2692,135,u,g,q,h,5,t,t,2,f,g,0,5000,positive
a,3125,375,u,g,cc,h,625,t,t,9,t,g,181,0,positive
a,565,16,u,g,j,ff,0,t,t,15,f,g,0,247,positive
b,43,29,y,p,cc,h,175,t,t,8,f,g,100,375,positive
b,2233,11,u,g,w,v,2,t,t,1,f,g,80,278,positive
b,2725,1665,u,g,cc,h,5085,t,t,9,f,g,399,827,positive
b,3283,25,u,g,cc,h,275,t,t,6,f,g,160,2072,positive
b,2325,15,u,g,q,v,2375,t,t,3,t,g,0,582,positive
a,4033,754,y,p,q,h,8,t,t,14,f,g,0,2300,positive
a,305,65,u,g,c,bb,4,t,t,7,t,g,0,3065,positive
a,5283,15,u,g,c,v,55,t,t,14,f,g,0,2200,positive
a,4667,46,u,g,cc,h,415,t,t,11,t,g,440,6,positive
a,5833,10,u,g,q,v,4,t,t,14,f,g,0,1602,positive
b,3733,65,u,g,m,h,425,t,t,12,t,g,93,0,positive
b,2308,25,u,g,c,v,1085,t,t,11,t,g,60,2184,positive
b,3275,15,u,g,cc,h,55,t,t,3,t,g,0,0,positive
a,2167,115,y,p,j,j,0,t,t,11,t,g,0,0,positive
a,285,304,y,p,x,h,254,t,t,1,f,g,70,0,positive
a,6867,15,u,g,e,z,0,t,t,14,f,g,0,3376,positive
b,28,2,u,g,k,h,4165,t,t,2,t,g,181,0,positive
b,3408,8,y,p,m,bb,4,t,t,1,t,g,280,2000,positive
b,2767,2,u,g,x,h,1,t,t,4,f,g,140,7544,positive
b,44,2,u,g,m,v,175,t,t,2,t,g,0,15,positive
b,2508,171,u,g,x,v,1665,t,t,1,t,g,395,20,positive
b,32,175,y,p,e,h,4,t,f,0,t,g,393,0,positive
a,6058,165,u,g,q,v,11,t,f,0,t,g,21,10561,positive
a,4083,10,u,g,q,h,175,t,f,0,f,g,29,837,positive
b,1933,95,u,g,q,v,1,t,f,0,t,g,60,400,positive
a,3233,54,u,g,cc,v,4,t,f,0,f,g,440,11177,positive
b,3667,325,u,g,q,h,9,t,f,0,t,g,102,639,positive
b,375,1125,y,p,d,v,15,f,f,0,t,g,431,0,positive
a,2508,254,y,p,aa,v,25,t,f,0,t,g,370,0,positive
b,4133,0,u,g,c,bb,15,t,f,0,f,g,0,0,positive
b,56,125,u,g,k,h,8,t,f,0,t,g,24,2028,positive
a,4983,13585,u,g,k,h,85,t,f,0,t,g,0,0,positive
b,2267,105,u,g,q,h,1335,t,f,0,f,g,100,0,positive
b,27,15,y,p,w,v,375,t,f,0,t,g,260,1065,positive
b,25,125,u,g,aa,v,3,t,f,0,t,s,20,0,positive
a,2608,8665,u,g,aa,v,1415,t,f,0,f,g,160,150,positive
a,1842,925,u,g,q,v,121,t,t,4,f,g,60,540,positive
b,2017,817,u,g,aa,v,196,t,t,14,f,g,60,158,positive
b,4767,29,u,g,c,bb,15,t,t,20,f,g,0,15000,positive
a,2125,2335,u,g,i,bb,5,t,t,4,f,s,80,0,positive
a,2067,3,u,g,q,v,165,t,t,3,f,g,100,6,positive
a,5708,195,u,g,c,v,55,t,t,7,f,g,0,3000,positive
a,2242,5665,u,g,q,v,2585,t,t,7,f,g,129,3257,positive
b,4875,85,u,g,c,h,125,t,t,9,f,g,181,1655,positive
b,40,65,u,g,aa,bb,35,t,t,1,f,g,0,500,positive
b,4058,5,u,g,c,v,5,t,t,7,f,g,0,3065,positive
a,2867,104,u,g,c,v,25,t,t,5,t,g,300,1430,positive
a,3308,4625,u,g,q,h,1625,t,t,2,f,g,0,0,positive
b,2133,105,u,g,c,v,3,t,f,0,t,g,0,0,positive
b,42,205,u,g,i,h,5125,t,f,0,f,g,400,0,positive
b,4175,96,u,g,x,v,25,t,f,0,f,g,510,600,positive
b,2267,1585,y,p,w,v,3085,t,t,6,f,g,80,0,positive
b,345,404,y,p,i,bb,85,t,t,7,t,g,195,0,positive
b,2825,504,y,p,c,bb,15,t,t,8,t,g,144,7,positive
b,3317,3165,y,p,x,v,3165,t,t,3,t,g,380,0,positive
b,4817,7625,u,g,w,h,155,t,t,12,f,g,0,790,positive
b,2758,204,y,p,aa,v,2,t,t,3,t,g,370,560,positive
b,2258,1004,u,g,x,v,4,t,t,9,f,g,60,396,positive
a,2408,5,u,g,q,h,125,t,t,1,f,g,0,678,positive
a,4133,1,u,g,i,bb,225,t,f,0,t,g,0,300,positive
b,2483,275,u,g,c,v,225,t,t,6,f,g,?,600,positive
a,2075,1025,u,g,q,v,71,t,t,2,t,g,49,0,positive
b,3633,2125,y,p,w,v,85,t,t,1,f,g,50,1187,positive
a,3542,12,u,g,q,h,14,t,t,8,f,g,0,6590,positive
a,7158,0,?,?,?,?,0,f,f,0,f,p,?,0,positive
b,2867,9335,u,g,q,h,5665,t,t,6,f,g,381,168,positive
b,3517,25,u,g,k,v,45,t,t,7,f,g,150,1270,positive
b,395,425,u,g,c,bb,65,t,t,16,f,g,117,1210,positive
b,3933,5875,u,g,cc,h,10,t,t,14,t,g,399,0,positive
b,2433,6625,y,p,d,v,55,t,f,0,t,s,100,0,positive
b,6008,145,u,g,ff,ff,18,t,t,15,t,g,0,1000,positive
b,2308,115,u,g,i,v,35,t,t,9,f,g,56,742,positive
b,2667,271,y,p,cc,v,525,t,t,1,f,g,211,0,positive
b,4817,35,u,g,aa,v,35,t,f,0,f,s,230,0,positive
b,4117,404,u,g,cc,h,7,t,t,8,f,g,320,0,positive
b,5592,115,u,g,ff,ff,5,t,t,5,f,g,0,8851,positive
b,5392,9625,u,g,e,v,8665,t,t,5,f,g,0,0,positive
a,1892,925,y,p,c,v,1,t,t,4,t,g,80,500,positive
a,5008,1254,u,g,aa,v,229,t,t,3,t,g,156,0,positive
b,6542,11,u,g,e,z,20,t,t,7,t,g,22,0,positive
a,1758,9,u,g,aa,v,1375,t,f,0,t,g,0,0,positive
a,1883,954,u,g,aa,v,85,t,f,0,f,g,100,0,positive
a,3775,55,u,g,q,v,125,t,f,0,t,g,228,0,positive
b,2325,4,u,g,c,bb,25,t,f,0,t,g,160,0,positive
b,1808,55,u,g,k,v,5,t,f,0,f,g,80,0,positive
a,225,846,y,p,x,v,246,f,f,0,f,g,164,0,positive
b,1967,375,u,g,q,v,2,t,t,2,t,g,80,0,positive
b,2208,11,u,g,cc,v,665,t,f,0,f,g,100,0,positive
b,2517,35,u,g,cc,v,625,t,t,7,f,g,0,7059,positive
a,4742,3,u,g,x,v,13875,t,t,2,t,g,519,1704,positive
b,335,175,u,g,x,h,45,t,t,4,t,g,253,857,positive
b,2767,1375,u,g,w,v,575,t,f,0,t,g,487,500,positive
a,5842,21,u,g,i,bb,10,t,t,13,f,g,0,6700,positive
a,2067,1835,u,g,q,v,2085,t,t,5,f,g,220,2503,positive
b,2617,25,u,g,i,bb,0,t,f,0,t,g,0,0,positive
b,2133,75,u,g,aa,v,1415,t,t,1,f,g,80,9800,positive
b,4283,4625,u,g,q,v,458,t,f,0,f,s,0,0,positive
b,3817,10125,u,g,x,v,25,t,t,6,f,g,520,196,positive
b,205,10,y,p,c,v,25,t,f,0,f,s,40,0,positive
b,4825,25085,u,g,w,v,175,t,t,3,f,g,120,14,positive
b,2833,5,u,g,w,v,11,t,f,0,t,g,70,0,positive
a,1875,75,u,g,q,v,271,t,t,5,f,g,?,26726,positive
b,185,2,u,g,i,v,15,t,t,2,f,g,120,300,positive
b,3317,304,y,p,c,h,204,t,t,1,t,g,180,18027,positive
b,45,85,u,g,cc,h,14,t,t,1,t,g,88,2000,positive
a,1967,21,u,g,q,h,29,t,t,11,f,g,80,99,positive
?,245,1275,u,g,c,bb,475,t,t,2,f,g,73,444,positive
b,2183,11,u,g,x,v,29,t,t,6,f,g,121,0,positive
b,4025,215,u,g,e,z,20,t,t,11,f,g,0,1200,positive
b,4142,5,u,g,q,h,5,t,t,6,t,g,470,0,positive
a,1783,11,u,g,x,h,1,t,t,11,f,g,0,3000,positive
b,2317,11125,u,g,x,h,46,t,t,1,f,g,100,0,positive
b,?,625,u,g,k,v,25,f,f,0,f,g,380,2010,negative
b,1817,1025,u,g,c,h,1085,f,f,0,f,g,320,13,negative
b,20,11045,u,g,c,v,2,f,f,0,t,g,136,0,negative
b,20,0,u,g,d,v,5,f,f,0,f,g,144,0,negative
a,2075,954,u,g,i,v,4,f,f,0,f,g,200,1000,negative
a,245,175,y,p,c,v,165,f,f,0,f,g,132,0,negative
b,3275,2335,u,g,d,h,575,f,f,0,t,g,292,0,negative
a,5217,0,y,p,ff,ff,0,f,f,0,f,g,0,0,negative
a,4817,1335,u,g,i,o,335,f,f,0,f,g,0,120,negative
a,2042,105,y,p,x,h,0,f,f,0,t,g,154,32,negative
b,5075,585,u,g,ff,ff,0,f,f,0,f,g,145,0,negative
b,1708,85,y,p,c,v,4,f,f,0,f,g,140,722,negative
b,1833,121,y,p,e,dd,0,f,f,0,f,g,100,0,negative
a,32,6,u,g,d,v,125,f,f,0,f,g,272,0,negative
b,5967,154,u,g,q,v,125,t,f,0,t,g,260,0,positive
b,18,165,u,g,q,n,21,f,f,0,f,g,200,40,positive
b,3758,0,?,?,?,?,0,f,f,0,f,p,?,0,positive
b,3233,25,u,g,c,v,125,f,f,0,t,g,280,0,negative
b,1808,675,y,p,m,v,4,f,f,0,f,g,140,0,negative
b,3825,10125,y,p,k,v,125,f,f,0,f,g,160,0,negative
b,3067,25,u,g,cc,h,225,f,f,0,t,s,340,0,negative
b,1858,571,u,g,d,v,54,f,f,0,f,g,120,0,negative
a,1917,5415,u,g,i,h,29,f,f,0,f,g,80,484,negative
a,1817,10,y,p,q,h,165,f,f,0,f,g,340,0,negative
b,2458,135,y,p,ff,ff,0,f,f,0,f,g,?,0,negative
b,1625,835,u,g,m,v,85,t,f,0,f,s,200,0,negative
b,2117,875,y,p,c,h,25,f,f,0,f,g,280,204,negative
b,2392,585,y,p,cc,h,125,f,f,0,f,g,240,1,negative
b,1767,446,u,g,c,v,25,f,f,0,f,s,80,0,negative
a,165,125,u,g,q,v,25,f,t,1,f,g,108,98,negative
b,2325,12625,u,g,c,v,125,f,t,2,f,g,0,5552,negative
b,1758,10,u,g,w,h,165,f,t,1,f,g,120,1,negative
a,?,15,u,g,ff,ff,0,f,t,2,t,g,200,105,negative
b,295,58,u,g,w,v,29,f,t,1,f,g,340,2803,negative
b,1883,415,y,p,c,v,165,f,t,1,f,g,200,1,negative
a,2175,175,y,p,j,j,0,f,f,0,f,g,160,0,negative
b,23,75,u,g,m,v,5,f,f,0,t,s,320,0,negative
a,1825,10,u,g,w,v,1,f,t,1,f,g,120,1,negative
b,2542,54,u,g,w,v,165,f,t,1,f,g,272,444,negative
b,3575,2415,u,g,w,v,125,f,t,2,f,g,220,1,negative
a,1608,335,u,g,ff,ff,0,f,t,1,f,g,160,126,negative
a,3192,3125,u,g,ff,ff,304,f,t,2,t,g,200,4,negative
b,6917,9,u,g,ff,ff,4,f,t,1,f,g,70,6,negative
b,3292,25,u,g,aa,v,175,f,t,2,t,g,720,0,negative
b,1633,275,u,g,aa,v,665,f,t,1,f,g,80,21,negative
b,2217,12125,u,g,c,v,3335,f,t,2,t,g,180,173,negative
a,5758,2,u,g,ff,ff,65,f,t,1,f,g,0,10,negative
b,1825,165,u,g,d,v,25,f,f,0,t,s,280,0,negative
b,2342,1,u,g,c,v,5,f,f,0,t,s,280,0,negative
a,1592,2875,u,g,q,v,85,f,f,0,f,g,120,0,negative
a,2475,13665,u,g,q,h,15,f,f,0,f,g,280,1,negative
b,4875,26335,y,p,ff,ff,0,t,f,0,t,g,0,0,negative
b,235,275,u,g,ff,ff,45,f,f,0,f,g,160,25,negative
b,1858,1029,u,g,ff,ff,415,f,f,0,f,g,80,0,negative
b,2775,129,u,g,k,h,25,f,f,0,t,s,140,0,negative
a,3175,3,y,p,j,j,0,f,f,0,f,g,160,20,negative
a,2483,45,u,g,w,v,1,f,f,0,t,g,360,6,negative
b,19,175,y,p,c,v,2335,f,f,0,t,g,112,6,negative
a,1633,21,u,g,aa,v,125,f,f,0,f,g,200,1,negative
a,1858,10,u,g,d,v,415,f,f,0,f,g,80,42,negative
b,1625,0,y,p,aa,v,25,f,f,0,f,g,60,0,negative
b,23,75,u,g,m,v,5,t,f,0,t,s,320,0,negative
b,2117,25,y,p,c,h,25,f,f,0,f,g,280,204,negative
b,175,22,l,gg,ff,o,0,f,f,0,t,p,450,100000,positive
b,1917,0,y,p,m,bb,0,f,f,0,t,s,500,1,positive
b,3675,125,y,p,c,v,15,f,f,0,t,g,232,113,positive
b,2125,15,u,g,w,v,15,f,f,0,f,g,150,8,positive
a,1808,375,l,gg,cc,ff,10,f,f,0,t,s,300,0,positive
a,3367,375,u,g,cc,v,375,f,f,0,f,g,300,44,positive
b,4858,205,y,p,k,v,25,t,t,11,f,g,380,2732,positive
b,3367,125,u,g,w,v,1165,f,f,0,f,g,120,0,negative
a,295,1085,y,p,x,v,1,f,f,0,f,g,280,13,negative
b,3017,1085,y,p,c,v,4,f,f,0,f,g,170,179,negative
?,4083,35,u,g,i,bb,5,f,f,0,f,s,1160,0,negative
b,3483,25,y,p,w,v,3,f,f,0,f,s,200,0,negative
b,?,4,y,p,i,v,85,f,f,0,t,g,411,0,negative
b,2042,0,?,?,?,?,0,f,f,0,f,p,?,0,negative
a,3325,25,y,p,c,v,25,f,f,0,t,g,0,2,negative
b,3408,25,u,g,c,v,1,f,f,0,f,g,460,16,negative
a,2525,125,u,g,d,v,1,f,f,0,t,g,180,1062,negative
b,3475,25,u,g,cc,bb,5,f,f,0,f,g,348,0,negative
b,2767,75,u,g,q,h,165,f,f,0,t,g,220,251,negative
b,4733,65,u,g,c,v,1,f,f,0,t,g,0,228,negative
a,3483,125,y,p,i,h,5,f,f,0,t,g,160,0,negative
a,3325,3,y,p,aa,v,2,f,f,0,f,g,180,0,negative
b,28,3,u,g,w,v,75,f,f,0,t,g,300,67,negative
a,3908,4,u,g,c,v,3,f,f,0,f,g,480,0,negative
b,4275,4085,u,g,aa,v,4,f,f,0,f,g,108,100,negative
b,2692,225,u,g,i,bb,5,f,f,0,t,g,640,4000,negative
b,3375,275,u,g,i,bb,0,f,f,0,f,g,180,0,negative
b,3892,175,u,g,k,v,5,f,f,0,t,g,300,2,negative
b,6275,7,u,g,e,z,0,f,f,0,f,g,0,12,negative
?,3225,15,u,g,c,v,25,f,f,0,t,g,372,122,negative
b,2675,45,y,p,c,bb,25,f,f,0,f,g,200,1210,negative
b,6333,54,u,g,c,v,585,t,t,3,t,g,180,0,negative
b,2783,15,u,g,w,v,225,f,t,1,t,g,100,3,negative
a,2617,2,u,g,j,j,0,f,f,0,t,g,276,1,negative
b,2217,585,y,p,ff,ff,0,f,f,0,f,g,100,0,negative
b,225,115,y,p,m,v,15,f,f,0,t,g,0,4000,negative
b,3075,1585,u,g,d,v,585,f,f,0,t,s,0,0,negative
b,3667,2,u,g,i,v,25,f,f,0,t,g,221,0,negative
a,16,165,u,g,aa,v,1,f,t,2,t,g,320,1,negative
b,4117,1335,u,g,d,v,165,f,f,0,f,g,168,0,negative
a,195,165,u,g,q,v,4,f,f,0,t,g,380,0,negative
b,3242,3,u,g,d,v,165,f,f,0,t,g,120,0,negative
a,3675,471,u,g,ff,ff,0,f,f,0,f,g,160,0,negative
a,3025,55,u,g,k,v,55,f,f,0,t,s,100,0,negative
b,2308,25,u,g,ff,ff,85,f,f,0,t,g,100,4208,negative
b,2683,54,u,g,k,ff,0,f,f,0,f,g,100,0,negative
b,1692,335,y,p,k,v,29,f,f,0,f,s,200,0,negative
b,2442,2,u,g,e,dd,165,f,t,2,f,g,320,1300,negative
b,4283,125,u,g,m,v,13875,f,t,1,t,g,352,112,negative
a,2275,6165,u,g,aa,v,165,f,f,0,f,g,220,1000,negative
b,3942,171,y,p,m,v,165,f,f,0,f,s,400,0,negative
a,2358,115,y,p,k,h,3,f,f,0,t,g,20,16,negative
b,2142,75,y,p,r,n,75,f,f,0,t,g,132,2,negative
b,33,25,y,p,w,v,7,f,f,0,t,g,280,0,negative
b,2633,13,u,g,e,dd,0,f,f,0,t,g,140,1110,negative
a,45,4585,u,g,k,h,1,f,f,0,t,s,240,0,negative
b,2625,154,u,g,w,v,125,f,f,0,f,g,100,0,negative
?,2817,585,u,g,aa,v,4,f,f,0,f,g,260,1004,negative
a,2083,5,y,p,e,dd,1,f,f,0,f,g,260,0,negative
b,2867,145,u,g,d,v,125,f,f,0,f,g,0,286,negative
b,2067,835,y,p,c,v,2,f,f,0,t,s,240,0,negative
b,3442,1335,u,g,i,bb,125,f,f,0,t,g,440,4500,negative
b,3358,25,u,g,i,bb,4,f,f,0,t,s,420,0,negative
b,4317,5,u,g,i,bb,225,f,f,0,t,g,141,0,negative
a,2267,7,u,g,c,v,165,f,f,0,f,g,160,0,negative
a,2433,25,y,p,i,bb,45,f,f,0,f,g,200,456,negative
a,5683,425,y,p,ff,ff,5,f,f,0,t,g,0,4,negative
b,2208,1146,u,g,k,v,1585,f,f,0,t,g,100,1212,negative
b,34,55,y,p,c,v,15,f,f,0,t,g,60,0,negative
b,2258,15,y,p,aa,v,54,f,f,0,t,g,120,67,negative
b,2117,0,u,g,c,v,5,f,f,0,t,s,0,0,negative
b,2667,14585,u,g,i,bb,0,f,f,0,t,g,178,0,negative
b,2292,17,u,g,m,v,85,f,f,0,f,s,0,0,negative
b,1517,7,u,g,e,v,1,f,f,0,f,g,600,0,negative
b,3992,5,u,g,i,bb,21,f,f,0,f,g,550,0,negative
b,2742,125,u,g,aa,bb,25,f,f,0,t,g,720,0,negative
b,2475,54,u,g,m,v,1,f,f,0,t,g,120,1,negative
b,4117,125,y,p,w,v,25,f,f,0,f,g,0,195,negative
a,3308,1625,u,g,d,v,54,f,f,0,t,g,0,0,negative
b,2983,204,y,p,x,h,4,f,f,0,f,g,128,1,negative
a,2358,585,y,p,ff,ff,125,f,f,0,f,g,120,87,negative
b,2617,125,y,p,k,h,125,f,f,0,t,g,0,17,negative
b,31,2085,u,g,c,v,85,f,f,0,f,g,300,0,negative
b,2075,5085,y,p,j,v,29,f,f,0,f,g,140,184,negative
b,2892,375,u,g,c,v,29,f,f,0,f,g,220,140,negative
a,5192,65,u,g,i,bb,3085,f,f,0,t,g,73,0,negative
a,2267,335,u,g,q,v,75,f,f,0,f,s,160,0,negative
b,34,5085,y,p,i,bb,1085,f,f,0,t,g,480,0,negative
a,695,6,u,g,ff,ff,0,f,f,0,f,s,0,0,negative
a,4033,8125,y,p,k,v,165,f,t,2,f,g,?,18,negative
a,1958,665,y,p,c,v,1,f,t,1,f,g,2000,2,negative
b,16,3125,u,g,w,v,85,f,t,1,f,g,0,6,negative
b,1708,25,u,g,q,v,335,f,t,4,f,g,160,8,negative
b,3125,2835,u,g,ff,ff,0,f,t,5,f,g,176,146,negative
b,2517,3,u,g,c,v,125,f,t,1,f,g,0,22,negative
a,2267,79,u,g,i,v,85,f,f,0,f,g,144,0,negative
b,4058,15,u,g,i,bb,0,f,f,0,f,s,300,0,negative
b,2225,46,u,g,k,v,125,f,f,0,t,g,280,55,negative
a,2225,125,y,p,ff,ff,325,f,f,0,f,g,280,0,negative
b,225,125,y,p,k,v,125,f,f,0,f,g,200,70,negative
b,2358,179,u,g,c,v,54,f,f,0,t,g,136,1,negative
b,3842,705,u,g,c,v,375,f,t,2,f,g,225,500,negative
a,2658,254,y,p,ff,ff,0,f,f,0,t,g,180,60,negative
b,35,25,u,g,i,v,1,f,f,0,t,g,210,0,negative
b,2042,1085,u,g,q,v,15,f,f,0,f,g,108,7,negative
b,2942,125,u,g,w,v,175,f,f,0,f,g,200,0,negative
b,2617,835,u,g,cc,v,1165,f,f,0,f,g,100,0,negative
b,3367,2165,u,g,c,v,15,f,f,0,f,p,120,0,negative
b,2458,125,u,g,c,v,25,f,f,0,f,g,110,0,negative
a,2767,204,u,g,w,v,25,f,f,0,t,g,180,50,negative
b,375,835,u,g,e,v,4,f,f,0,f,g,120,5,negative
b,4917,229,u,g,ff,ff,29,f,f,0,f,g,200,3,negative
b,3358,335,y,p,cc,v,85,f,f,0,f,g,180,0,negative
b,5183,3,y,p,ff,ff,15,f,f,0,f,g,180,4,negative
b,2292,3165,y,p,c,v,165,f,f,0,f,g,160,1058,negative
b,2183,154,u,g,k,v,85,f,f,0,t,g,356,0,negative
b,2525,1,u,g,aa,v,5,f,f,0,f,g,200,0,negative
b,5858,271,u,g,c,v,2415,f,f,0,t,g,320,0,negative
b,19,0,y,p,ff,ff,0,f,t,4,f,g,45,1,negative
b,1958,585,u,g,ff,ff,0,f,t,3,f,g,350,769,negative
a,5333,165,u,g,ff,ff,0,f,f,0,t,s,62,27,negative
a,2717,125,u,g,ff,ff,0,f,t,1,f,g,92,300,negative
b,2592,875,u,g,k,v,375,f,t,2,t,g,174,3,negative
b,2308,0,u,g,k,v,1,f,t,11,f,s,0,0,negative
b,3958,5,u,g,ff,ff,0,f,t,2,f,g,17,1,negative
b,3058,271,y,p,m,v,125,f,f,0,t,s,80,0,negative
b,1725,3,u,g,k,v,4,f,f,0,t,g,160,40,negative
a,1767,0,y,p,j,ff,0,f,f,0,f,g,86,0,negative
a,?,1125,u,g,ff,ff,0,f,f,0,f,g,?,5200,negative
b,165,125,u,g,c,v,165,f,f,0,f,g,132,0,negative
a,2733,1665,u,g,ff,ff,0,f,f,0,f,g,340,1,negative
b,3125,1125,u,g,ff,ff,0,f,t,1,f,g,96,19,negative
b,20,7,u,g,c,v,5,f,f,0,f,g,0,0,negative
b,?,3,y,p,i,bb,7,f,f,0,f,g,0,1,negative
b,395,1625,u,g,c,v,15,f,f,0,f,g,0,316,negative
b,365,425,u,g,q,v,35,f,f,0,f,g,454,50,negative
?,2975,665,u,g,w,v,25,f,f,0,t,g,300,0,negative
b,5242,15,u,g,d,v,375,f,f,0,t,g,0,350,negative
b,3617,18125,u,g,w,v,85,f,f,0,f,g,320,3552,negative
b,3458,0,?,?,?,?,0,f,f,0,f,p,?,0,negative
b,2967,75,y,p,c,v,4,f,f,0,f,g,240,0,negative
b,3617,55,u,g,i,bb,5,f,f,0,f,g,210,687,negative
b,2567,29,y,p,c,v,15,f,f,0,t,g,160,0,negative
a,245,2415,y,p,c,v,0,f,f,0,f,g,120,0,negative
b,2408,875,u,g,m,v,85,f,t,4,f,g,254,1950,negative
b,2192,5,u,g,c,v,125,f,f,0,f,g,360,0,negative
a,3658,29,u,g,ff,ff,0,f,t,10,f,g,200,18,negative
a,23,1835,u,g,j,j,0,f,t,1,f,g,200,53,negative
a,2758,3,u,g,m,v,279,f,t,1,t,g,280,10,negative
b,3108,3085,u,g,c,v,25,f,t,2,t,g,160,41,negative
a,3042,1375,u,g,w,h,4,f,t,3,f,g,0,33,negative
b,2208,2335,u,g,k,v,75,f,f,0,f,g,180,0,negative
b,1633,4085,u,g,i,h,415,f,f,0,t,g,120,0,negative
a,2192,11665,u,g,k,h,85,f,f,0,f,g,320,5,negative
b,2108,4125,y,p,i,h,4,f,f,0,f,g,140,100,negative
b,1742,65,u,g,i,v,125,f,f,0,f,g,60,100,negative
b,1917,4,y,p,i,v,1,f,f,0,t,g,360,1000,negative
b,2067,415,u,g,c,v,125,f,f,0,f,g,0,44,negative
b,2675,2,u,g,d,v,75,f,f,0,t,g,80,0,negative
b,2358,835,u,g,i,h,85,f,f,0,t,g,220,5,negative
b,3917,25,y,p,i,h,10,f,f,0,t,s,200,0,negative
b,2275,115,u,g,i,v,415,f,f,0,f,g,0,0,negative
?,265,271,y,p,?,?,85,f,f,0,f,s,80,0,negative
a,1692,5,u,g,i,v,165,f,t,6,t,g,240,35,negative
b,235,3165,y,p,k,v,415,f,t,1,t,g,280,80,negative
a,1733,95,u,g,aa,v,175,f,t,10,t,g,0,10,negative
b,2375,415,y,p,c,v,4,f,t,2,f,g,128,6,negative
b,3467,108,u,g,m,v,1165,f,f,0,f,s,28,0,negative
b,7483,19,y,p,ff,ff,4,f,t,2,f,g,0,351,negative
b,2817,125,y,p,k,v,85,f,f,0,f,g,216,2100,negative
b,245,13335,y,p,aa,v,4,f,f,0,t,g,120,475,negative
b,1883,354,y,p,ff,ff,0,f,f,0,t,g,180,1,negative
?,4533,1,u,g,q,v,125,f,f,0,t,g,263,0,negative
a,4725,75,u,g,q,h,275,t,t,1,f,g,333,892,positive
b,2417,875,u,g,q,v,4625,t,t,2,t,g,520,2000,positive
b,3925,95,u,g,m,v,65,t,t,14,f,g,240,4607,positive
a,205,11835,u,g,c,h,6,t,f,0,f,g,340,0,positive
a,1883,4415,y,p,c,h,3,t,f,0,f,g,240,0,positive
b,1917,95,u,g,w,v,15,t,f,0,f,g,120,2206,positive
a,25,875,u,g,x,h,104,t,f,0,t,g,160,5860,positive
b,2017,925,u,g,c,v,1665,t,t,3,t,g,40,28,positive
b,2575,5,u,g,c,v,146,t,t,5,t,g,312,0,positive
b,2042,7,u,g,c,v,1625,t,t,3,f,g,200,1391,positive
b,?,4,u,g,x,v,5,t,t,3,t,g,290,2279,positive
b,39,5,u,g,cc,v,35,t,t,10,t,g,0,0,positive
a,6408,165,u,g,ff,ff,0,t,t,1,f,g,232,100,positive
b,2825,5125,u,g,x,v,475,t,t,2,f,g,420,7,positive
a,2875,375,u,g,c,v,1085,t,t,1,t,g,371,0,positive
b,3133,195,u,g,c,v,7,t,t,16,f,g,0,5000,positive
a,1892,9,u,g,aa,v,75,t,t,2,f,g,88,591,positive
a,2475,3,u,g,q,h,1835,t,t,19,f,g,0,500,positive
a,3067,12,u,g,c,v,2,t,t,1,f,g,220,19,positive
b,21,479,y,p,w,v,225,t,t,1,t,g,80,300,positive
b,1375,4,y,p,w,v,175,t,t,2,t,g,120,1000,positive
a,46,4,u,g,j,j,0,t,f,0,f,g,100,960,positive
a,4433,0,u,g,c,v,25,t,f,0,f,g,0,0,positive
b,2025,996,u,g,e,dd,0,t,f,0,f,g,0,0,positive
b,2267,254,y,p,c,h,2585,t,f,0,f,g,0,0,positive
b,?,105,u,g,x,v,65,t,f,0,f,g,0,0,positive
a,6092,5,u,g,aa,v,4,t,t,4,f,g,0,99,positive
b,1608,75,u,g,c,v,175,t,t,5,t,g,352,690,positive
a,2817,375,u,g,q,v,585,t,t,4,f,g,80,0,positive
b,3917,171,u,g,x,v,125,t,t,5,t,g,480,0,positive
?,2042,75,u,g,k,v,15,t,t,1,f,g,160,234,positive
a,30,529,u,g,e,dd,225,t,t,5,t,g,99,500,positive
b,2283,3,u,g,m,v,129,t,t,1,f,g,260,800,positive
a,225,85,u,g,q,v,175,t,t,10,f,g,80,990,negative
a,2858,1665,u,g,q,v,2415,t,f,0,t,g,440,0,negative
b,4517,15,u,g,c,v,25,t,f,0,t,g,140,0,negative
b,4158,175,u,g,k,v,21,t,f,0,f,g,160,0,negative
a,5708,335,u,g,i,bb,1,t,f,0,t,g,252,2197,negative
a,5575,708,u,g,k,h,675,t,t,3,t,g,100,50,negative
b,4325,2521,u,g,q,h,21,t,t,1,f,g,760,90,negative
a,2533,2085,u,g,c,h,275,t,f,0,t,g,360,1,negative
a,2458,67,u,g,aa,h,175,t,f,0,f,g,400,0,negative
b,4317,225,u,g,i,bb,75,t,f,0,f,g,560,0,negative
b,4092,835,u,g,ff,ff,0,t,f,0,f,g,130,1,negative
b,3183,25,u,g,aa,v,75,t,f,0,t,g,523,0,negative
a,3392,1585,y,p,ff,ff,0,t,f,0,f,g,320,0,negative
a,2492,125,u,g,ff,ff,0,t,f,0,f,g,80,0,negative
b,3525,3165,u,g,x,h,375,t,f,0,t,g,680,0,negative
b,3425,175,u,g,w,bb,25,t,f,0,t,g,163,0,negative
b,8025,55,u,g,?,?,54,t,f,0,f,g,0,340,negative
b,1942,15,y,p,cc,v,2,t,f,0,t,g,100,20,negative
b,4275,3,u,g,i,bb,1,t,f,0,f,g,0,200,negative
b,1967,10,y,p,k,h,835,t,f,0,t,g,140,0,negative
b,3633,379,u,g,w,v,1165,t,f,0,t,g,200,0,negative
b,3008,104,y,p,i,bb,5,t,t,10,t,g,132,28,negative
b,4425,11,y,p,d,v,15,t,f,0,f,s,0,0,negative
b,2358,46,y,p,w,v,2625,t,t,6,t,g,208,347,negative
b,2392,15,u,g,d,h,1875,t,t,6,f,g,200,327,positive
b,3317,1,u,g,x,v,75,t,t,7,t,g,340,4071,positive
b,4833,12,u,g,m,v,16,t,f,0,f,s,110,0,positive
b,7675,2229,u,g,e,z,1275,t,t,1,t,g,0,109,positive
b,5133,10,u,g,i,bb,0,t,t,11,f,g,0,1249,positive
b,3475,15,u,g,r,n,5375,t,t,9,t,g,0,134,positive
b,3858,3335,u,g,w,v,4,t,t,14,f,g,383,1344,positive
a,2242,1125,y,p,x,h,75,t,t,4,f,g,0,321,positive
b,4192,42,u,g,c,h,21,t,t,6,f,g,220,948,positive
b,2958,45,u,g,w,v,75,t,t,2,t,g,330,0,positive
a,3217,146,u,g,w,v,1085,t,t,16,f,g,120,2079,positive
b,5142,4,u,g,x,h,4,t,f,0,f,g,0,3000,positive
a,2283,229,u,g,q,h,229,t,t,7,t,g,140,2384,positive
a,25,1233,u,g,cc,h,35,t,t,6,f,g,400,458,positive
b,2675,1125,u,g,x,h,125,t,f,0,f,g,0,5298,positive
b,2333,15,u,g,c,h,1415,t,f,0,f,g,422,200,positive
b,2442,12335,u,g,q,h,1585,t,f,0,t,g,120,0,positive
b,4217,504,u,g,q,h,1275,t,f,0,t,g,92,0,positive
a,2083,3,u,g,aa,v,4,t,f,0,f,g,100,0,positive
b,2308,115,u,g,w,h,2125,t,t,11,t,g,290,284,positive
a,2517,2875,u,g,x,h,875,t,f,0,f,g,360,0,positive
b,4308,375,y,p,c,v,375,t,t,8,t,g,300,162,positive
a,3575,915,u,g,aa,v,75,t,t,4,f,g,0,1583,positive
b,595,275,u,g,w,v,175,t,t,5,t,g,60,58,positive
b,21,3,y,p,d,v,1085,t,t,8,t,g,160,1,positive
b,2192,54,y,p,x,v,4,t,t,1,t,g,840,59,positive
a,6517,14,u,g,ff,ff,0,t,t,11,t,g,0,1400,positive
a,2033,10,u,g,c,h,1,t,t,4,f,g,50,1465,positive
b,3225,165,y,p,c,h,325,t,t,1,t,g,432,8000,positive
b,3017,5,u,g,c,v,175,t,t,11,f,g,32,540,positive
b,2517,6,u,g,c,v,1,t,t,3,f,g,0,0,positive
b,3917,1625,u,g,c,v,15,t,t,10,f,g,186,4700,positive
b,3908,6,u,g,m,v,129,t,t,5,t,g,108,1097,positive
b,3167,83,u,g,x,v,1335,t,t,8,t,g,303,3290,positive
b,41,4,u,g,e,v,4,f,t,1,f,s,560,0,positive
b,485,425,u,g,m,v,125,t,f,0,t,g,225,0,positive
b,3267,9,y,p,w,h,525,t,f,0,t,g,154,0,positive
a,2808,15,y,p,e,z,0,t,f,0,f,g,0,13212,positive
b,7342,1775,u,g,ff,ff,0,t,f,0,t,g,0,0,positive
b,6408,20,u,g,x,h,175,t,t,9,t,g,0,1000,positive
b,5158,15,u,g,c,v,85,t,t,9,f,g,0,0,positive
b,2667,175,y,p,c,v,1,t,t,5,t,g,160,5777,positive
b,2533,58,u,g,c,v,29,t,t,7,t,g,96,5124,positive
b,3017,65,u,g,cc,v,3125,t,t,8,f,g,330,1200,positive
b,27,75,u,g,c,h,425,t,t,3,t,g,312,150,positive
b,2317,0,?,?,?,?,0,f,f,0,f,p,?,0,positive
b,3417,525,u,g,w,v,85,f,f,0,t,g,290,6,positive
b,3867,21,u,g,k,v,85,t,f,0,t,g,280,0,positive
b,2575,75,u,g,c,bb,25,t,f,0,f,g,349,23,positive
a,4608,3,u,g,c,v,2375,t,t,8,t,g,396,4159,positive
a,215,6,u,g,aa,v,25,t,t,3,f,g,80,918,positive
?,2008,125,u,g,q,v,1,f,t,1,f,g,240,768,positive
b,205,2415,u,g,c,v,2,t,t,11,t,g,200,3000,positive
a,295,46,u,g,k,v,54,t,t,4,f,g,380,500,positive
?,4225,175,y,p,?,?,0,f,f,0,t,g,150,1,negative
b,2983,125,y,p,k,v,25,f,f,0,f,g,224,0,negative
b,2008,25,u,g,q,v,125,f,f,0,f,g,200,0,negative
b,2342,585,u,g,c,h,85,t,f,0,f,g,180,0,negative
a,2958,175,y,p,k,v,125,f,f,0,t,g,280,0,negative
b,1617,4,u,g,c,v,4,f,f,0,f,g,0,0,positive
b,3233,35,u,g,k,v,5,f,f,0,t,g,232,0,negative
b,?,4,y,p,d,v,425,f,f,0,t,g,460,0,negative
b,4783,4165,u,g,x,bb,85,f,f,0,t,g,520,0,negative
b,20,125,y,p,k,v,125,f,f,0,f,g,140,4,negative
b,2758,325,y,p,q,h,5085,f,t,2,t,g,369,1,negative
b,22,79,u,g,w,v,29,f,t,1,f,g,420,283,negative
b,1933,10915,u,g,c,bb,585,f,t,2,t,g,200,7,negative
a,3833,4415,u,g,c,v,125,f,f,0,f,g,160,0,negative
b,2942,125,u,g,c,h,25,f,t,2,t,g,400,108,negative
b,2267,75,u,g,i,v,1585,f,t,1,t,g,400,9,negative
b,3225,14,y,p,ff,ff,0,f,t,2,f,g,160,1,negative
b,2958,475,u,g,m,v,2,f,t,1,t,g,460,68,negative
b,1842,10415,y,p,aa,v,125,t,f,0,f,g,120,375,negative
b,2217,225,u,g,i,v,125,f,f,0,f,g,160,10,negative
b,2267,165,u,g,c,j,225,f,f,0,t,s,0,0,positive
a,2558,0,?,?,?,?,0,f,f,0,f,p,?,0,positive
b,1883,0,u,g,q,v,665,f,f,0,f,g,160,1,negative
b,2158,79,y,p,cc,v,665,f,f,0,f,g,160,0,negative
b,2375,12,u,g,c,v,2085,f,f,0,f,s,80,0,negative
b,22,7835,y,p,i,bb,165,f,f,0,t,g,?,0,negative
b,3608,254,u,g,ff,ff,0,f,f,0,f,g,0,1000,negative
b,2925,13,u,g,d,h,5,f,f,0,f,g,228,0,negative
a,1958,665,u,g,w,v,1665,f,f,0,f,g,220,5,negative
a,2292,125,u,g,q,v,25,f,f,0,t,g,120,809,negative
a,2725,29,u,g,m,h,125,f,t,1,t,g,272,108,negative
a,3875,15,u,g,ff,ff,0,f,f,0,f,g,76,0,negative
b,3242,2165,y,p,k,ff,0,f,f,0,f,g,120,0,negative
a,2375,71,u,g,w,v,25,f,t,1,t,g,240,4,negative
b,1817,246,u,g,c,n,96,f,t,2,t,g,160,587,negative
b,4092,5,y,p,m,v,5,f,f,0,t,g,130,0,negative
b,195,9585,u,g,aa,v,79,f,f,0,f,g,80,350,negative
b,2858,3625,u,g,aa,v,25,f,f,0,t,g,100,0,negative
b,3558,75,u,g,k,v,15,f,f,0,t,g,231,0,negative
b,3417,275,u,g,i,bb,25,f,f,0,t,g,232,200,negative
?,3317,225,y,p,cc,v,35,f,f,0,t,g,200,141,negative
b,3158,75,y,p,aa,v,35,f,f,0,t,g,320,0,negative
a,525,7,u,g,aa,h,3,f,f,0,f,g,0,0,negative
b,3617,42,y,p,w,v,29,f,f,0,t,g,309,2,negative
b,3733,2665,u,g,cc,v,165,f,f,0,t,g,0,501,negative
a,2083,85,u,g,c,v,165,f,f,0,f,g,0,351,negative
b,2408,9,u,g,aa,v,25,f,f,0,t,g,0,0,negative
b,2558,335,u,g,k,h,35,f,f,0,t,g,340,0,negative
a,3517,375,u,g,ff,ff,0,f,t,6,f,g,0,200,negative
b,4808,375,u,g,i,bb,1,f,f,0,f,g,100,2,negative
a,1583,7625,u,g,q,v,125,f,t,1,t,g,0,160,negative
a,225,415,u,g,i,v,335,f,f,0,t,s,144,0,negative
b,215,115,u,g,i,v,5,t,f,0,t,g,100,68,negative
a,2358,83,u,g,q,v,415,f,t,1,t,g,200,11,negative
a,2108,5,y,p,ff,ff,0,f,f,0,f,g,0,0,negative
b,2567,325,u,g,c,h,229,f,t,1,t,g,416,21,negative
a,3892,1665,u,g,aa,v,25,f,f,0,f,g,0,390,negative
a,1575,375,u,g,c,v,1,f,f,0,f,g,120,18,negative
a,2858,375,u,g,c,v,25,f,t,1,t,g,40,154,negative
b,2225,9,u,g,aa,v,85,f,f,0,f,g,0,0,negative
b,2983,35,u,g,c,v,165,f,f,0,f,g,216,0,negative
a,235,15,u,g,w,v,875,f,f,0,t,g,160,0,negative
b,3208,4,y,p,cc,v,15,f,f,0,t,g,120,0,negative
b,3108,15,y,p,w,v,4,f,f,0,f,s,160,0,negative
b,3183,4,y,p,m,v,4,f,f,0,f,g,0,0,negative
a,2175,1175,u,g,c,v,25,f,f,0,t,g,180,0,negative
a,1792,54,u,g,c,v,175,f,t,1,t,g,80,5,negative
b,3033,5,u,g,d,h,85,f,f,0,t,s,252,0,negative
b,5183,204,y,p,ff,ff,15,f,f,0,f,g,120,1,negative
b,4717,5835,u,g,w,v,55,f,f,0,f,g,465,150,negative
b,2583,12835,u,g,cc,v,5,f,f,0,f,g,0,2,negative
a,5025,835,u,g,aa,v,5,f,f,0,t,g,240,117,negative
?,295,2,y,p,e,h,2,f,f,0,f,g,256,17,negative
a,3733,25,u,g,i,h,21,f,f,0,f,g,260,246,negative
a,4158,104,u,g,aa,v,665,f,f,0,f,g,240,237,negative
a,3058,10665,u,g,q,h,85,f,t,12,t,g,129,3,negative
b,1942,725,u,g,m,v,4,f,t,1,f,g,100,1,negative
a,1792,1021,u,g,ff,ff,0,f,f,0,f,g,0,50,negative
a,2008,125,u,g,c,v,0,f,f,0,f,g,0,0,negative
b,195,29,u,g,k,v,29,f,f,0,f,g,280,364,negative
b,2783,1,y,p,d,h,3,f,f,0,f,g,176,537,negative
b,1708,329,u,g,i,v,335,f,f,0,t,g,140,2,negative
b,3642,75,y,p,d,v,585,f,f,0,f,g,240,3,negative
b,4058,329,u,g,m,v,35,f,f,0,t,s,400,0,negative
b,2108,10085,y,p,e,h,125,f,f,0,f,g,260,0,negative
a,2267,75,u,g,c,v,2,f,t,2,t,g,200,394,negative
a,2525,135,y,p,ff,ff,2,f,t,1,t,g,200,1,negative
b,1792,205,u,g,aa,v,4,f,f,0,f,g,280,750,negative
b,35,3375,u,g,c,h,829,f,f,0,t,g,0,0,negative
